<?xml version="1.0" encoding="UTF-8"?>
<jcr:root xmlns:sling="http://sling.apache.org/jcr/sling/1.0" xmlns:cq="http://www.day.com/jcr/cq/1.0" xmlns:jcr="http://www.jcp.org/jcr/1.0" xmlns:mix="http://www.jcp.org/jcr/mix/1.0" xmlns:nt="http://www.jcp.org/jcr/nt/1.0"
    jcr:primaryType="cq:Page">
    <jcr:content
        cq:lastModified="{Date}2018-09-14T14:36:22.229-04:00"
        cq:lastModifiedBy="admin"
        cq:lastReplicated="{Date}2018-09-14T14:40:56.023-04:00"
        cq:lastReplicatedBy="admin"
        cq:lastReplicationAction="Activate"
        cq:segments="[/etc/segmentation/ac-segments/triple-play]"
        cq:template="/libs/cq/personalization/templates/experience"
        jcr:isCheckedOut="{Boolean}true"
        jcr:lastModified="{Date}2018-09-14T14:36:22.220-04:00"
        jcr:lastModifiedBy="admin"
        jcr:mixinTypes="[mix:versionable]"
        jcr:primaryType="cq:PageContent"
        jcr:title="Triple Play"
        jcr:uuid="75efa99a-a4c8-4678-928e-d956d49779f2"
        sling:resourceType="cq/personalization/components/experiencepage">
        <par
            jcr:primaryType="nt:unstructured"
            sling:resourceType="foundation/components/parsys"/>
        <image
            jcr:lastModified="{Date}2018-09-14T14:36:22.220-04:00"
            jcr:lastModifiedBy="admin"
            jcr:primaryType="nt:unstructured"
            imageRotate="0"/>
    </jcr:content>
    <sample-demo-image_24672434/>
    <sample-demo-textimage/>
    <point-break-personalization/>
    <point-break-personalization0/>
    <point-break-personalization_247826702/>
    <point-break-image/>
    <point-break-personalization_216164485/>
</jcr:root>
