<?xml version="1.0" encoding="UTF-8"?>
<jcr:root xmlns:cq="http://www.day.com/jcr/cq/1.0" xmlns:jcr="http://www.jcp.org/jcr/1.0" xmlns:nt="http://www.jcp.org/jcr/nt/1.0"
    jcr:primaryType="cq:Dialog"
    title="Tag Cloud">
    <listeners
        jcr:primaryType="nt:unstructured"
        loadcontent="function(dialog){var op = dialog.getField('./operator'); var value = op.getValue(); var field = dialog.getField('./value'); if(value == 'exists' || value == 'doesnotexist') { field.hide(); field.disable(); } else { field.enable(); field.show(); }}"/>
    <items jcr:primaryType="cq:TabPanel">
        <items jcr:primaryType="cq:WidgetCollection">
            <general
                jcr:primaryType="nt:unstructured"
                title="Tag Cloud trait"
                xtype="panel">
                <items jcr:primaryType="cq:WidgetCollection">
                    <description
                        jcr:primaryType="cq:Widget"
                        height="30"
                        text="Add trait to the current segment: number of times a tag matchs with those from the pages visited."
                        xtype="static"/>
                    <jsObject
                        jcr:primaryType="cq:Widget"
                        defaultValue="clientcontext.tagcloud"
                        name="./jsObject"
                        xtype="hidden"/>
                    <tagId
                        jcr:primaryType="cq:Widget"
                        fieldDescription="Select one of your tags"
                        fieldLabel="Tag name"
                        name="./tagId"
                        xtype="tags"/>
                    <operator
                        jcr:primaryType="cq:Widget"
                        defaultValue="equals"
                        fieldLabel="Operator"
                        name="./operator"
                        operators="[equals,greater,greaterorequal,less,lessorequal,notequal,exists,doesnotexist]"
                        type="select"
                        xtype="operatorselection">
                        <listeners
                            jcr:primaryType="nt:unstructured"
                            selectionchanged="function(comp, value){var field = comp.findParentByType('dialog').getField('./value'); if(value == 'exists' || value == 'doesnotexist') { field.hide(); field.disable(); } else { field.enable(); field.show(); }}"/>
                    </operator>
                    <value
                        jcr:primaryType="cq:Widget"
                        fieldDescription="Examples: number of mytag1 > 10, number of mytag2 &lt; 5"
                        fieldLabel="Tag Count"
                        name="./value"
                        xtype="numberfield"/>
                    <valueFormat
                        jcr:primaryType="cq:Widget"
                        defaultValue="parseInt"
                        name="./valueFormat"
                        xtype="hidden"/>
                </items>
            </general>
        </items>
    </items>
</jcr:root>
